<?xml version="1.0" encoding="UTF-8"?><metadata>
    <idinfo>
        <citation>
            <citeinfo>
                <title>Water Bodies (Western NC "Local-Res")</title>
                <geoform>vector digital data</geoform>
                <onlink>https://services.nconemap.gov/secure/rest/services/NC1Map_Hydrography/MapServer/7</onlink>
                <onlink>https://dit-cgia-gis-data.s3.amazonaws.com/NCOM-data/hydrography/hylocalrez_Waterbody_shape.zip</onlink>
            </citeinfo>
        </citation>
        <descript>
            <abstract>Water bodies such as estuaries, lakes, ponds, reservoirs, swamps, and marshes mapped for 19 western counties in North Carolina. For more information visit the NC Stream Mapping Program website at &amp;lt;a href='https://www.nconemap.gov/pages/streams' rel='nofollow ugc' target='_blank'&amp;gt;www.nconemap.gov/pages/streams&amp;lt;/a&amp;gt;.&amp;lt;div&amp;gt;&amp;lt;br /&amp;gt;&amp;lt;/div&amp;gt;&amp;lt;div&amp;gt;&amp;lt;b&amp;gt;NOTE&amp;lt;/b&amp;gt;: Do not download the data by using the map above. Download the shapefile by clicking the Download drop-down menu on the right side of this page.&amp;lt;br /&amp;gt;&amp;lt;/div&amp;gt;</abstract>
            <purpose>Water bodies such as estuaries, lakes, ponds, reservoirs, swamps, and marshes mapped for 19 western counties in North Carolina.</purpose>
        </descript>
        <spdom>
            <bounding>
                <westbc>-83.994507</westbc>
                <eastbc>-80.886196</eastbc>
                <northbc>36.596628</northbc>
                <southbc>34.973765</southbc>
            </bounding>
        </spdom>
        <keywords>
            <theme>
                <themekt>None</themekt>
                <themekey>NC</themekey>
                <themekey>North Carolina</themekey>
                <themekey>Department of Information Technology</themekey>
                <themekey>DIT</themekey>
                <themekey>Center for Geographic Information and Analysis</themekey>
                <themekey>CGIA</themekey>
                <themekey>inlandWaters</themekey>
                <themekey>hydrography</themekey>
                <themekey>western nc</themekey>
                <themekey>local-resolution</themekey>
            </theme>
        </keywords>
        <accconst>Other Constraints</accconst>
        <useconst>https://www.nconemap.gov/pages/terms</useconst>
        <native>Esri ArcGIS 12.9.3.32739</native>
    </idinfo>
    <spdoinfo>
        <direct>Vector</direct>
        <ptvctinf>
            <sdtsterm>
                <sdtstype>GT-polygon composed of chains</sdtstype>
                <ptvctcnt>6869</ptvctcnt>
            </sdtsterm>
        </ptvctinf>
    </spdoinfo>
    <eainfo>
        <detailed>
            <enttyp>
                <enttypl>hylocalrez_Waterbody</enttypl>
            </enttyp>
            <attr>
                <attrlabl>objectid</attrlabl>
                <attrdef>Internal feature number.</attrdef>
                <attrdefs>Esri</attrdefs>
                <attrdomv>
                                        
                    
                    <udom>Sequential unique whole numbers that are automatically generated.</udom>
                                        
                
                </attrdomv>
            </attr>
            <attr>
                <attrlabl>comid</attrlabl>
            </attr>
            <attr>
                <attrlabl>gnis_id</attrlabl>
            </attr>
            <attr>
                <attrlabl>gnis_name</attrlabl>
            </attr>
            <attr>
                <attrlabl>reachcode</attrlabl>
            </attr>
            <attr>
                <attrlabl>ftype</attrlabl>
            </attr>
            <attr>
                <attrlabl>fcode</attrlabl>
            </attr>
            <attr>
                <attrlabl>stateguid</attrlabl>
            </attr>
            <attr>
                <attrlabl>areasqkm</attrlabl>
            </attr>
            <attr>
                <attrlabl>shape</attrlabl>
                <attrdef>Feature geometry.</attrdef>
                <attrdefs>Esri</attrdefs>
                <attrdomv>
                                        
                    
                    <udom>Coordinates defining the features.</udom>
                                        
                
                </attrdomv>
            </attr>
            <attr>
                <attrlabl>st_area(shape)</attrlabl>
            </attr>
            <attr>
                <attrlabl>st_perimeter(shape)</attrlabl>
            </attr>
        </detailed>
    </eainfo>
    <metainfo>
        <metd>20220520</metd>
        <metstdn>FGDC Content Standard for Digital Geospatial Metadata</metstdn>
        <metstdv>FGDC-STD-001-1998</metstdv>
        <mettc>local time</mettc>
    </metainfo>
</metadata>
